defense_contractor,civilian_sector,year,citations_received,defense_rd_lag2_musd,log_defense_rd_lag2,jaffe_proximity,rd_x_jaffe_interaction,log_civilian_patent_stock
ASELSAN,Otomotiv_Otonom,2010,0,85.544,4.449030863454356,0.332,1.4770782466668462,7.00669522683704
ASELSAN,Otomotiv_Otonom,2011,1,100.64,4.611549792952131,0.332,1.5310345312601075,7.00669522683704
ASELSAN,Otomotiv_Otonom,2012,2,118.4,4.774068722449905,0.332,1.5849908158533685,7.00669522683704
ASELSAN,Otomotiv_Otonom,2013,3,132.1,4.883559211528279,0.332,1.6213416582273887,7.00669522683704
ASELSAN,Otomotiv_Otonom,2014,3,154.6,5.040841136153322,0.332,1.673559257202903,7.00669522683704
ASELSAN,Otomotiv_Otonom,2015,1,182.3,5.205653681684617,0.332,1.728277022319293,7.00669522683704
ASELSAN,Otomotiv_Otonom,2016,14,224.5,5.413875707182309,0.332,1.7974067347845268,7.00669522683704
ASELSAN,Otomotiv_Otonom,2017,4,268.0,5.5909869805108565,0.332,1.8562076775296044,7.00669522683704
ASELSAN,Otomotiv_Otonom,2018,3,312.4,5.744284417965531,0.332,1.9071024267645564,7.00669522683704
ASELSAN,Otomotiv_Otonom,2019,5,358.9,5.883043798153562,0.332,1.9531705409869826,7.00669522683704
ASELSAN,Otomotiv_Otonom,2020,7,412.7,6.022720936758536,0.332,1.999543351003834,7.00669522683704
ASELSAN,Otomotiv_Otonom,2021,7,468.2,6.148895555056811,0.332,2.041433324278861,7.00669522683704
ASELSAN,Otomotiv_Otonom,2022,0,508.4,6.231268539315299,0.332,2.0687811550526796,7.00669522683704
ASELSAN,Otomotiv_Otonom,2023,11,544.1,6.29913305349188,0.332,2.091312173759304,7.00669522683704
ASELSAN,Otomotiv_Otonom,2024,5,592.6,6.384519635139465,0.332,2.1196605188663025,7.00669522683704
ASELSAN,Telekomunikasyon,2010,10,85.544,4.449030863454356,0.476,2.117738691004273,9.020026965252676
ASELSAN,Telekomunikasyon,2011,17,100.64,4.611549792952131,0.476,2.195097701445214,9.020026965252676
ASELSAN,Telekomunikasyon,2012,9,118.4,4.774068722449905,0.476,2.2724567118861545,9.020026965252676
ASELSAN,Telekomunikasyon,2013,12,132.1,4.883559211528279,0.476,2.324574184687461,9.020026965252676
ASELSAN,Telekomunikasyon,2014,16,154.6,5.040841136153322,0.476,2.399440380808981,9.020026965252676
ASELSAN,Telekomunikasyon,2015,15,182.3,5.205653681684617,0.476,2.4778911524818774,9.020026965252676
ASELSAN,Telekomunikasyon,2016,22,224.5,5.413875707182309,0.476,2.577004836618779,9.020026965252676
ASELSAN,Telekomunikasyon,2017,9,268.0,5.5909869805108565,0.476,2.6613098027231676,9.020026965252676
ASELSAN,Telekomunikasyon,2018,10,312.4,5.744284417965531,0.476,2.7342793829515926,9.020026965252676
ASELSAN,Telekomunikasyon,2019,13,358.9,5.883043798153562,0.476,2.800328847921095,9.020026965252676
ASELSAN,Telekomunikasyon,2020,42,412.7,6.022720936758536,0.476,2.866815165897063,9.020026965252676
ASELSAN,Telekomunikasyon,2021,8,468.2,6.148895555056811,0.476,2.9268742842070417,9.020026965252676
ASELSAN,Telekomunikasyon,2022,17,508.4,6.231268539315299,0.476,2.966083824714082,9.020026965252676
ASELSAN,Telekomunikasyon,2023,19,544.1,6.29913305349188,0.476,2.9983873334621345,9.020026965252676
ASELSAN,Telekomunikasyon,2024,32,592.6,6.384519635139465,0.476,3.039031346326385,9.020026965252676
ASELSAN,Tuketici_Elektronigi,2010,3,85.544,4.449030863454356,0.1,0.44490308634543557,8.172729104865471
ASELSAN,Tuketici_Elektronigi,2011,0,100.64,4.611549792952131,0.1,0.4611549792952131,8.172729104865471
ASELSAN,Tuketici_Elektronigi,2012,0,118.4,4.774068722449905,0.1,0.4774068722449905,8.172729104865471
ASELSAN,Tuketici_Elektronigi,2013,0,132.1,4.883559211528279,0.1,0.48835592115282794,8.172729104865471
ASELSAN,Tuketici_Elektronigi,2014,1,154.6,5.040841136153322,0.1,0.5040841136153322,8.172729104865471
ASELSAN,Tuketici_Elektronigi,2015,4,182.3,5.205653681684617,0.1,0.5205653681684618,8.172729104865471
ASELSAN,Tuketici_Elektronigi,2016,1,224.5,5.413875707182309,0.1,0.541387570718231,8.172729104865471
ASELSAN,Tuketici_Elektronigi,2017,2,268.0,5.5909869805108565,0.1,0.5590986980510857,8.172729104865471
ASELSAN,Tuketici_Elektronigi,2018,4,312.4,5.744284417965531,0.1,0.5744284417965532,8.172729104865471
ASELSAN,Tuketici_Elektronigi,2019,1,358.9,5.883043798153562,0.1,0.5883043798153562,8.172729104865471
ASELSAN,Tuketici_Elektronigi,2020,10,412.7,6.022720936758536,0.1,0.6022720936758537,8.172729104865471
ASELSAN,Tuketici_Elektronigi,2021,8,468.2,6.148895555056811,0.1,0.6148895555056811,8.172729104865471
ASELSAN,Tuketici_Elektronigi,2022,2,508.4,6.231268539315299,0.1,0.62312685393153,8.172729104865471
ASELSAN,Tuketici_Elektronigi,2023,2,544.1,6.29913305349188,0.1,0.629913305349188,8.172729104865471
ASELSAN,Tuketici_Elektronigi,2024,6,592.6,6.384519635139465,0.1,0.6384519635139465,8.172729104865471
ASELSAN,Yazilim_Bilisim,2010,3,85.544,4.449030863454356,0.285,1.2679737960844912,7.52294091807237
ASELSAN,Yazilim_Bilisim,2011,4,100.64,4.611549792952131,0.285,1.3142916909913571,7.52294091807237
ASELSAN,Yazilim_Bilisim,2012,2,118.4,4.774068722449905,0.285,1.3606095858982228,7.52294091807237
ASELSAN,Yazilim_Bilisim,2013,2,132.1,4.883559211528279,0.285,1.3918143752855594,7.52294091807237
ASELSAN,Yazilim_Bilisim,2014,3,154.6,5.040841136153322,0.285,1.4366397238036965,7.52294091807237
ASELSAN,Yazilim_Bilisim,2015,5,182.3,5.205653681684617,0.285,1.4836112992801158,7.52294091807237
ASELSAN,Yazilim_Bilisim,2016,8,224.5,5.413875707182309,0.285,1.542954576546958,7.52294091807237
ASELSAN,Yazilim_Bilisim,2017,5,268.0,5.5909869805108565,0.285,1.593431289445594,7.52294091807237
ASELSAN,Yazilim_Bilisim,2018,8,312.4,5.744284417965531,0.285,1.6371210591201761,7.52294091807237
ASELSAN,Yazilim_Bilisim,2019,4,358.9,5.883043798153562,0.285,1.6766674824737648,7.52294091807237
ASELSAN,Yazilim_Bilisim,2020,6,412.7,6.022720936758536,0.285,1.7164754669761826,7.52294091807237
ASELSAN,Yazilim_Bilisim,2021,12,468.2,6.148895555056811,0.285,1.752435233191191,7.52294091807237
ASELSAN,Yazilim_Bilisim,2022,17,508.4,6.231268539315299,0.285,1.77591153370486,7.52294091807237
ASELSAN,Yazilim_Bilisim,2023,6,544.1,6.29913305349188,0.285,1.7952529202451855,7.52294091807237
ASELSAN,Yazilim_Bilisim,2024,8,592.6,6.384519635139465,0.285,1.8195880960147472,7.52294091807237
ASELSAN,Ileri_Malzeme_Kimya,2010,1,85.544,4.449030863454356,0.05,0.22245154317271779,6.824373670043086
ASELSAN,Ileri_Malzeme_Kimya,2011,0,100.64,4.611549792952131,0.05,0.23057748964760655,6.824373670043086
ASELSAN,Ileri_Malzeme_Kimya,2012,0,118.4,4.774068722449905,0.05,0.23870343612249526,6.824373670043086
ASELSAN,Ileri_Malzeme_Kimya,2013,0,132.1,4.883559211528279,0.05,0.24417796057641397,6.824373670043086
ASELSAN,Ileri_Malzeme_Kimya,2014,0,154.6,5.040841136153322,0.05,0.2520420568076661,6.824373670043086
ASELSAN,Ileri_Malzeme_Kimya,2015,1,182.3,5.205653681684617,0.05,0.2602826840842309,6.824373670043086
ASELSAN,Ileri_Malzeme_Kimya,2016,2,224.5,5.413875707182309,0.05,0.2706937853591155,6.824373670043086
ASELSAN,Ileri_Malzeme_Kimya,2017,3,268.0,5.5909869805108565,0.05,0.27954934902554285,6.824373670043086
ASELSAN,Ileri_Malzeme_Kimya,2018,3,312.4,5.744284417965531,0.05,0.2872142208982766,6.824373670043086
ASELSAN,Ileri_Malzeme_Kimya,2019,4,358.9,5.883043798153562,0.05,0.2941521899076781,6.824373670043086
ASELSAN,Ileri_Malzeme_Kimya,2020,1,412.7,6.022720936758536,0.05,0.30113604683792683,6.824373670043086
ASELSAN,Ileri_Malzeme_Kimya,2021,1,468.2,6.148895555056811,0.05,0.30744477775284057,6.824373670043086
ASELSAN,Ileri_Malzeme_Kimya,2022,4,508.4,6.231268539315299,0.05,0.311563426965765,6.824373670043086
ASELSAN,Ileri_Malzeme_Kimya,2023,2,544.1,6.29913305349188,0.05,0.314956652674594,6.824373670043086
ASELSAN,Ileri_Malzeme_Kimya,2024,4,592.6,6.384519635139465,0.05,0.31922598175697325,6.824373670043086
TUSAS,Otomotiv_Otonom,2010,2,59.46174999999999,4.0853332486874745,0.091,0.3717653256305602,7.00669522683704
TUSAS,Otomotiv_Otonom,2011,2,69.955,4.24785217818525,0.091,0.3865545482148577,7.00669522683704
TUSAS,Otomotiv_Otonom,2012,2,82.3,4.410371107683024,0.091,0.4013437707991552,7.00669522683704
TUSAS,Otomotiv_Otonom,2013,1,94.7,4.550714000192032,0.091,0.41411497401747493,7.00669522683704
TUSAS,Otomotiv_Otonom,2014,3,118.2,4.772378104971998,0.091,0.4342864075524518,7.00669522683704
TUSAS,Otomotiv_Otonom,2015,2,148.6,5.001258132283659,0.091,0.4551144900378129,7.00669522683704
TUSAS,Otomotiv_Otonom,2016,11,192.1,5.258016069774511,0.091,0.4784794623494805,7.00669522683704
TUSAS,Otomotiv_Otonom,2017,1,238.4,5.473949935191195,0.091,0.49812944410239873,7.00669522683704
TUSAS,Otomotiv_Otonom,2018,6,302.7,5.712742216027673,0.091,0.5198595416585182,7.00669522683704
TUSAS,Otomotiv_Otonom,2019,9,376.1,5.929855065476291,0.091,0.5396168109583425,7.00669522683704
TUSAS,Otomotiv_Otonom,2020,5,455.3,6.120956542340736,0.091,0.557007045353007,7.00669522683704
TUSAS,Otomotiv_Otonom,2021,4,528.0,6.269096283706261,0.091,0.5704877618172698,7.00669522683704
TUSAS,Otomotiv_Otonom,2022,2,576.4,6.356801864125367,0.091,0.5784689696354084,7.00669522683704
TUSAS,Otomotiv_Otonom,2023,0,628.9,6.443972261549457,0.091,0.5864014758010005,7.00669522683704
TUSAS,Otomotiv_Otonom,2024,3,705.2,6.558481450523715,0.091,0.596821811997658,7.00669522683704
TUSAS,Telekomunikasyon,2010,0,59.46174999999999,4.0853332486874745,0.0,0.0,9.020026965252676
TUSAS,Telekomunikasyon,2011,2,69.955,4.24785217818525,0.0,0.0,9.020026965252676
TUSAS,Telekomunikasyon,2012,0,82.3,4.410371107683024,0.0,0.0,9.020026965252676
TUSAS,Telekomunikasyon,2013,0,94.7,4.550714000192032,0.0,0.0,9.020026965252676
TUSAS,Telekomunikasyon,2014,3,118.2,4.772378104971998,0.0,0.0,9.020026965252676
TUSAS,Telekomunikasyon,2015,9,148.6,5.001258132283659,0.0,0.0,9.020026965252676
TUSAS,Telekomunikasyon,2016,0,192.1,5.258016069774511,0.0,0.0,9.020026965252676
TUSAS,Telekomunikasyon,2017,0,238.4,5.473949935191195,0.0,0.0,9.020026965252676
TUSAS,Telekomunikasyon,2018,4,302.7,5.712742216027673,0.0,0.0,9.020026965252676
TUSAS,Telekomunikasyon,2019,8,376.1,5.929855065476291,0.0,0.0,9.020026965252676
TUSAS,Telekomunikasyon,2020,4,455.3,6.120956542340736,0.0,0.0,9.020026965252676
TUSAS,Telekomunikasyon,2021,2,528.0,6.269096283706261,0.0,0.0,9.020026965252676
TUSAS,Telekomunikasyon,2022,8,576.4,6.356801864125367,0.0,0.0,9.020026965252676
TUSAS,Telekomunikasyon,2023,1,628.9,6.443972261549457,0.0,0.0,9.020026965252676
TUSAS,Telekomunikasyon,2024,1,705.2,6.558481450523715,0.0,0.0,9.020026965252676
TUSAS,Tuketici_Elektronigi,2010,0,59.46174999999999,4.0853332486874745,0.03,0.12255999746062424,8.172729104865471
TUSAS,Tuketici_Elektronigi,2011,1,69.955,4.24785217818525,0.03,0.12743556534555747,8.172729104865471
TUSAS,Tuketici_Elektronigi,2012,1,82.3,4.410371107683024,0.03,0.1323111332304907,8.172729104865471
TUSAS,Tuketici_Elektronigi,2013,0,94.7,4.550714000192032,0.03,0.13652142000576095,8.172729104865471
TUSAS,Tuketici_Elektronigi,2014,1,118.2,4.772378104971998,0.03,0.14317134314915994,8.172729104865471
TUSAS,Tuketici_Elektronigi,2015,2,148.6,5.001258132283659,0.03,0.15003774396850975,8.172729104865471
TUSAS,Tuketici_Elektronigi,2016,2,192.1,5.258016069774511,0.03,0.15774048209323532,8.172729104865471
TUSAS,Tuketici_Elektronigi,2017,0,238.4,5.473949935191195,0.03,0.16421849805573585,8.172729104865471
TUSAS,Tuketici_Elektronigi,2018,1,302.7,5.712742216027673,0.03,0.17138226648083016,8.172729104865471
TUSAS,Tuketici_Elektronigi,2019,4,376.1,5.929855065476291,0.03,0.17789565196428872,8.172729104865471
TUSAS,Tuketici_Elektronigi,2020,12,455.3,6.120956542340736,0.03,0.18362869627022207,8.172729104865471
TUSAS,Tuketici_Elektronigi,2021,2,528.0,6.269096283706261,0.03,0.18807288851118784,8.172729104865471
TUSAS,Tuketici_Elektronigi,2022,2,576.4,6.356801864125367,0.03,0.190704055923761,8.172729104865471
TUSAS,Tuketici_Elektronigi,2023,5,628.9,6.443972261549457,0.03,0.1933191678464837,8.172729104865471
TUSAS,Tuketici_Elektronigi,2024,2,705.2,6.558481450523715,0.03,0.19675444351571145,8.172729104865471
TUSAS,Yazilim_Bilisim,2010,7,59.46174999999999,4.0853332486874745,0.22,0.8987733147112444,7.52294091807237
TUSAS,Yazilim_Bilisim,2011,1,69.955,4.24785217818525,0.22,0.934527479200755,7.52294091807237
TUSAS,Yazilim_Bilisim,2012,0,82.3,4.410371107683024,0.22,0.9702816436902653,7.52294091807237
TUSAS,Yazilim_Bilisim,2013,4,94.7,4.550714000192032,0.22,1.0011570800422471,7.52294091807237
TUSAS,Yazilim_Bilisim,2014,6,118.2,4.772378104971998,0.22,1.0499231830938396,7.52294091807237
TUSAS,Yazilim_Bilisim,2015,8,148.6,5.001258132283659,0.22,1.100276789102405,7.52294091807237
TUSAS,Yazilim_Bilisim,2016,0,192.1,5.258016069774511,0.22,1.1567635353503924,7.52294091807237
TUSAS,Yazilim_Bilisim,2017,8,238.4,5.473949935191195,0.22,1.204268985742063,7.52294091807237
TUSAS,Yazilim_Bilisim,2018,14,302.7,5.712742216027673,0.22,1.256803287526088,7.52294091807237
TUSAS,Yazilim_Bilisim,2019,8,376.1,5.929855065476291,0.22,1.304568114404784,7.52294091807237
TUSAS,Yazilim_Bilisim,2020,3,455.3,6.120956542340736,0.22,1.346610439314962,7.52294091807237
TUSAS,Yazilim_Bilisim,2021,0,528.0,6.269096283706261,0.22,1.3792011824153776,7.52294091807237
TUSAS,Yazilim_Bilisim,2022,3,576.4,6.356801864125367,0.22,1.3984964101075807,7.52294091807237
TUSAS,Yazilim_Bilisim,2023,8,628.9,6.443972261549457,0.22,1.4176738975408807,7.52294091807237
TUSAS,Yazilim_Bilisim,2024,22,705.2,6.558481450523715,0.22,1.4428659191152173,7.52294091807237
TUSAS,Ileri_Malzeme_Kimya,2010,3,59.46174999999999,4.0853332486874745,0.38,1.5524266345012403,6.824373670043086
TUSAS,Ileri_Malzeme_Kimya,2011,2,69.955,4.24785217818525,0.38,1.6141838277103948,6.824373670043086
TUSAS,Ileri_Malzeme_Kimya,2012,6,82.3,4.410371107683024,0.38,1.675941020919549,6.824373670043086
TUSAS,Ileri_Malzeme_Kimya,2013,0,94.7,4.550714000192032,0.38,1.7292713200729724,6.824373670043086
TUSAS,Ileri_Malzeme_Kimya,2014,9,118.2,4.772378104971998,0.38,1.8135036798893593,6.824373670043086
TUSAS,Ileri_Malzeme_Kimya,2015,13,148.6,5.001258132283659,0.38,1.9004780902677902,6.824373670043086
TUSAS,Ileri_Malzeme_Kimya,2016,3,192.1,5.258016069774511,0.38,1.9980461065143142,6.824373670043086
TUSAS,Ileri_Malzeme_Kimya,2017,9,238.4,5.473949935191195,0.38,2.080100975372654,6.824373670043086
TUSAS,Ileri_Malzeme_Kimya,2018,6,302.7,5.712742216027673,0.38,2.1708420420905155,6.824373670043086
TUSAS,Ileri_Malzeme_Kimya,2019,3,376.1,5.929855065476291,0.38,2.2533449248809907,6.824373670043086
TUSAS,Ileri_Malzeme_Kimya,2020,12,455.3,6.120956542340736,0.38,2.32596348608948,6.824373670043086
TUSAS,Ileri_Malzeme_Kimya,2021,9,528.0,6.269096283706261,0.38,2.3822565878083792,6.824373670043086
TUSAS,Ileri_Malzeme_Kimya,2022,8,576.4,6.356801864125367,0.38,2.4155847083676396,6.824373670043086
TUSAS,Ileri_Malzeme_Kimya,2023,3,628.9,6.443972261549457,0.38,2.4487094593887937,6.824373670043086
TUSAS,Ileri_Malzeme_Kimya,2024,15,705.2,6.558481450523715,0.38,2.4922229511990115,6.824373670043086
ROKETSAN,Otomotiv_Otonom,2010,1,24.7095,3.2071877850730095,0.0,0.0,7.00669522683704
ROKETSAN,Otomotiv_Otonom,2011,0,29.07,3.3697067145707846,0.0,0.0,7.00669522683704
ROKETSAN,Otomotiv_Otonom,2012,1,34.2,3.5322256440685598,0.0,0.0,7.00669522683704
ROKETSAN,Otomotiv_Otonom,2013,0,41.5,3.7256934272366524,0.0,0.0,7.00669522683704
ROKETSAN,Otomotiv_Otonom,2014,1,52.0,3.9512437185814275,0.0,0.0,7.00669522683704
ROKETSAN,Otomotiv_Otonom,2015,0,64.8,4.1713056033582285,0.0,0.0,7.00669522683704
ROKETSAN,Otomotiv_Otonom,2016,3,81.2,4.396915247167632,0.0,0.0,7.00669522683704
ROKETSAN,Otomotiv_Otonom,2017,1,104.7,4.651099117876491,0.0,0.0,7.00669522683704
ROKETSAN,Otomotiv_Otonom,2018,4,128.5,4.855928904335275,0.0,0.0,7.00669522683704
ROKETSAN,Otomotiv_Otonom,2019,1,158.2,5.063860055333554,0.0,0.0,7.00669522683704
ROKETSAN,Otomotiv_Otonom,2020,3,192.6,5.260615499364025,0.0,0.0,7.00669522683704
ROKETSAN,Otomotiv_Otonom,2021,4,218.4,5.38632824387075,0.0,0.0,7.00669522683704
ROKETSAN,Otomotiv_Otonom,2022,5,238.9,5.476045054331764,0.0,0.0,7.00669522683704
ROKETSAN,Otomotiv_Otonom,2023,0,264.1,5.576327819303087,0.0,0.0,7.00669522683704
ROKETSAN,Otomotiv_Otonom,2024,3,288.7,5.665388086668889,0.0,0.0,7.00669522683704
ROKETSAN,Telekomunikasyon,2010,0,24.7095,3.2071877850730095,0.0,0.0,9.020026965252676
ROKETSAN,Telekomunikasyon,2011,0,29.07,3.3697067145707846,0.0,0.0,9.020026965252676
ROKETSAN,Telekomunikasyon,2012,4,34.2,3.5322256440685598,0.0,0.0,9.020026965252676
ROKETSAN,Telekomunikasyon,2013,2,41.5,3.7256934272366524,0.0,0.0,9.020026965252676
ROKETSAN,Telekomunikasyon,2014,1,52.0,3.9512437185814275,0.0,0.0,9.020026965252676
ROKETSAN,Telekomunikasyon,2015,0,64.8,4.1713056033582285,0.0,0.0,9.020026965252676
ROKETSAN,Telekomunikasyon,2016,4,81.2,4.396915247167632,0.0,0.0,9.020026965252676
ROKETSAN,Telekomunikasyon,2017,2,104.7,4.651099117876491,0.0,0.0,9.020026965252676
ROKETSAN,Telekomunikasyon,2018,0,128.5,4.855928904335275,0.0,0.0,9.020026965252676
ROKETSAN,Telekomunikasyon,2019,0,158.2,5.063860055333554,0.0,0.0,9.020026965252676
ROKETSAN,Telekomunikasyon,2020,8,192.6,5.260615499364025,0.0,0.0,9.020026965252676
ROKETSAN,Telekomunikasyon,2021,5,218.4,5.38632824387075,0.0,0.0,9.020026965252676
ROKETSAN,Telekomunikasyon,2022,8,238.9,5.476045054331764,0.0,0.0,9.020026965252676
ROKETSAN,Telekomunikasyon,2023,6,264.1,5.576327819303087,0.0,0.0,9.020026965252676
ROKETSAN,Telekomunikasyon,2024,10,288.7,5.665388086668889,0.0,0.0,9.020026965252676
ROKETSAN,Tuketici_Elektronigi,2010,1,24.7095,3.2071877850730095,0.0,0.0,8.172729104865471
ROKETSAN,Tuketici_Elektronigi,2011,1,29.07,3.3697067145707846,0.0,0.0,8.172729104865471
ROKETSAN,Tuketici_Elektronigi,2012,0,34.2,3.5322256440685598,0.0,0.0,8.172729104865471
ROKETSAN,Tuketici_Elektronigi,2013,2,41.5,3.7256934272366524,0.0,0.0,8.172729104865471
ROKETSAN,Tuketici_Elektronigi,2014,0,52.0,3.9512437185814275,0.0,0.0,8.172729104865471
ROKETSAN,Tuketici_Elektronigi,2015,1,64.8,4.1713056033582285,0.0,0.0,8.172729104865471
ROKETSAN,Tuketici_Elektronigi,2016,2,81.2,4.396915247167632,0.0,0.0,8.172729104865471
ROKETSAN,Tuketici_Elektronigi,2017,1,104.7,4.651099117876491,0.0,0.0,8.172729104865471
ROKETSAN,Tuketici_Elektronigi,2018,4,128.5,4.855928904335275,0.0,0.0,8.172729104865471
ROKETSAN,Tuketici_Elektronigi,2019,2,158.2,5.063860055333554,0.0,0.0,8.172729104865471
ROKETSAN,Tuketici_Elektronigi,2020,2,192.6,5.260615499364025,0.0,0.0,8.172729104865471
ROKETSAN,Tuketici_Elektronigi,2021,6,218.4,5.38632824387075,0.0,0.0,8.172729104865471
ROKETSAN,Tuketici_Elektronigi,2022,3,238.9,5.476045054331764,0.0,0.0,8.172729104865471
ROKETSAN,Tuketici_Elektronigi,2023,3,264.1,5.576327819303087,0.0,0.0,8.172729104865471
ROKETSAN,Tuketici_Elektronigi,2024,7,288.7,5.665388086668889,0.0,0.0,8.172729104865471
ROKETSAN,Yazilim_Bilisim,2010,2,24.7095,3.2071877850730095,0.08,0.25657502280584077,7.52294091807237
ROKETSAN,Yazilim_Bilisim,2011,1,29.07,3.3697067145707846,0.08,0.26957653716566277,7.52294091807237
ROKETSAN,Yazilim_Bilisim,2012,1,34.2,3.5322256440685598,0.08,0.28257805152548476,7.52294091807237
ROKETSAN,Yazilim_Bilisim,2013,1,41.5,3.7256934272366524,0.08,0.2980554741789322,7.52294091807237
ROKETSAN,Yazilim_Bilisim,2014,4,52.0,3.9512437185814275,0.08,0.3160994974865142,7.52294091807237
ROKETSAN,Yazilim_Bilisim,2015,1,64.8,4.1713056033582285,0.08,0.3337044482686583,7.52294091807237
ROKETSAN,Yazilim_Bilisim,2016,2,81.2,4.396915247167632,0.08,0.35175321977341056,7.52294091807237
ROKETSAN,Yazilim_Bilisim,2017,0,104.7,4.651099117876491,0.08,0.3720879294301193,7.52294091807237
ROKETSAN,Yazilim_Bilisim,2018,2,128.5,4.855928904335275,0.08,0.388474312346822,7.52294091807237
ROKETSAN,Yazilim_Bilisim,2019,3,158.2,5.063860055333554,0.08,0.4051088044266843,7.52294091807237
ROKETSAN,Yazilim_Bilisim,2020,0,192.6,5.260615499364025,0.08,0.42084923994912204,7.52294091807237
ROKETSAN,Yazilim_Bilisim,2021,2,218.4,5.38632824387075,0.08,0.43090625950966,7.52294091807237
ROKETSAN,Yazilim_Bilisim,2022,1,238.9,5.476045054331764,0.08,0.43808360434654114,7.52294091807237
ROKETSAN,Yazilim_Bilisim,2023,9,264.1,5.576327819303087,0.08,0.44610622554424695,7.52294091807237
ROKETSAN,Yazilim_Bilisim,2024,3,288.7,5.665388086668889,0.08,0.45323104693351113,7.52294091807237
ROKETSAN,Ileri_Malzeme_Kimya,2010,1,24.7095,3.2071877850730095,0.52,1.6677376482379649,6.824373670043086
ROKETSAN,Ileri_Malzeme_Kimya,2011,2,29.07,3.3697067145707846,0.52,1.752247491576808,6.824373670043086
ROKETSAN,Ileri_Malzeme_Kimya,2012,1,34.2,3.5322256440685598,0.52,1.8367573349156512,6.824373670043086
ROKETSAN,Ileri_Malzeme_Kimya,2013,3,41.5,3.7256934272366524,0.52,1.9373605821630593,6.824373670043086
ROKETSAN,Ileri_Malzeme_Kimya,2014,3,52.0,3.9512437185814275,0.52,2.0546467336623424,6.824373670043086
ROKETSAN,Ileri_Malzeme_Kimya,2015,2,64.8,4.1713056033582285,0.52,2.169078913746279,6.824373670043086
ROKETSAN,Ileri_Malzeme_Kimya,2016,2,81.2,4.396915247167632,0.52,2.2863959285271687,6.824373670043086
ROKETSAN,Ileri_Malzeme_Kimya,2017,10,104.7,4.651099117876491,0.52,2.4185715412957753,6.824373670043086
ROKETSAN,Ileri_Malzeme_Kimya,2018,5,128.5,4.855928904335275,0.52,2.525083030254343,6.824373670043086
ROKETSAN,Ileri_Malzeme_Kimya,2019,18,158.2,5.063860055333554,0.52,2.6332072287734483,6.824373670043086
ROKETSAN,Ileri_Malzeme_Kimya,2020,11,192.6,5.260615499364025,0.52,2.7355200596692932,6.824373670043086
ROKETSAN,Ileri_Malzeme_Kimya,2021,18,218.4,5.38632824387075,0.52,2.80089068681279,6.824373670043086
ROKETSAN,Ileri_Malzeme_Kimya,2022,1,238.9,5.476045054331764,0.52,2.8475434282525174,6.824373670043086
ROKETSAN,Ileri_Malzeme_Kimya,2023,16,264.1,5.576327819303087,0.52,2.899690466037605,6.824373670043086
ROKETSAN,Ileri_Malzeme_Kimya,2024,10,288.7,5.665388086668889,0.52,2.9460018050678225,6.824373670043086
BAYKAR,Otomotiv_Otonom,2010,0,6.86375,1.9262539396109453,0.191,0.3679145024656906,7.00669522683704
BAYKAR,Otomotiv_Otonom,2011,0,8.075,2.08877286910872,0.191,0.39895561799976553,7.00669522683704
BAYKAR,Otomotiv_Otonom,2012,1,9.5,2.2512917986064953,0.191,0.4299967335338406,7.00669522683704
BAYKAR,Otomotiv_Otonom,2013,1,14.8,2.6946271807700692,0.191,0.5146737915270833,7.00669522683704
BAYKAR,Otomotiv_Otonom,2014,2,24.1,3.1822118404966093,0.191,0.6078024615348524,7.00669522683704
BAYKAR,Otomotiv_Otonom,2015,0,38.6,3.653252276470785,0.191,0.6977711848059199,7.00669522683704
BAYKAR,Otomotiv_Otonom,2016,3,58.2,4.063885354737392,0.191,0.7762021027548419,7.00669522683704
BAYKAR,Otomotiv_Otonom,2017,2,88.5,4.483002552013883,0.191,0.8562534874346518,7.00669522683704
BAYKAR,Otomotiv_Otonom,2018,6,132.0,4.882801922586371,0.191,0.9326151672139968,7.00669522683704
BAYKAR,Otomotiv_Otonom,2019,4,182.4,5.206202077640231,0.191,0.9943845968292842,7.00669522683704
BAYKAR,Otomotiv_Otonom,2020,6,236.8,5.46721590300985,0.191,1.0442382374748815,7.00669522683704
BAYKAR,Otomotiv_Otonom,2021,8,308.5,5.731721843345443,0.191,1.0947588720789796,7.00669522683704
BAYKAR,Otomotiv_Otonom,2022,1,376.2,5.9301209168669295,0.191,1.1326530951215836,7.00669522683704
BAYKAR,Otomotiv_Otonom,2023,5,438.0,6.082218910376446,0.191,1.1617038118819012,7.00669522683704
BAYKAR,Otomotiv_Otonom,2024,3,506.4,6.227326870829966,0.191,1.1894194323285234,7.00669522683704
BAYKAR,Telekomunikasyon,2010,3,6.86375,1.9262539396109453,0.0,0.0,9.020026965252676
BAYKAR,Telekomunikasyon,2011,0,8.075,2.08877286910872,0.0,0.0,9.020026965252676
BAYKAR,Telekomunikasyon,2012,0,9.5,2.2512917986064953,0.0,0.0,9.020026965252676
BAYKAR,Telekomunikasyon,2013,1,14.8,2.6946271807700692,0.0,0.0,9.020026965252676
BAYKAR,Telekomunikasyon,2014,2,24.1,3.1822118404966093,0.0,0.0,9.020026965252676
BAYKAR,Telekomunikasyon,2015,0,38.6,3.653252276470785,0.0,0.0,9.020026965252676
BAYKAR,Telekomunikasyon,2016,0,58.2,4.063885354737392,0.0,0.0,9.020026965252676
BAYKAR,Telekomunikasyon,2017,3,88.5,4.483002552013883,0.0,0.0,9.020026965252676
BAYKAR,Telekomunikasyon,2018,1,132.0,4.882801922586371,0.0,0.0,9.020026965252676
BAYKAR,Telekomunikasyon,2019,2,182.4,5.206202077640231,0.0,0.0,9.020026965252676
BAYKAR,Telekomunikasyon,2020,4,236.8,5.46721590300985,0.0,0.0,9.020026965252676
BAYKAR,Telekomunikasyon,2021,1,308.5,5.731721843345443,0.0,0.0,9.020026965252676
BAYKAR,Telekomunikasyon,2022,4,376.2,5.9301209168669295,0.0,0.0,9.020026965252676
BAYKAR,Telekomunikasyon,2023,4,438.0,6.082218910376446,0.0,0.0,9.020026965252676
BAYKAR,Telekomunikasyon,2024,1,506.4,6.227326870829966,0.0,0.0,9.020026965252676
BAYKAR,Tuketici_Elektronigi,2010,0,6.86375,1.9262539396109453,0.064,0.1232802521351005,8.172729104865471
BAYKAR,Tuketici_Elektronigi,2011,0,8.075,2.08877286910872,0.064,0.1336814636229581,8.172729104865471
BAYKAR,Tuketici_Elektronigi,2012,0,9.5,2.2512917986064953,0.064,0.1440826751108157,8.172729104865471
BAYKAR,Tuketici_Elektronigi,2013,1,14.8,2.6946271807700692,0.064,0.17245613956928443,8.172729104865471
BAYKAR,Tuketici_Elektronigi,2014,2,24.1,3.1822118404966093,0.064,0.203661557791783,8.172729104865471
BAYKAR,Tuketici_Elektronigi,2015,0,38.6,3.653252276470785,0.064,0.23380814569413025,8.172729104865471
BAYKAR,Tuketici_Elektronigi,2016,0,58.2,4.063885354737392,0.064,0.26008866270319314,8.172729104865471
BAYKAR,Tuketici_Elektronigi,2017,0,88.5,4.483002552013883,0.064,0.2869121633288885,8.172729104865471
BAYKAR,Tuketici_Elektronigi,2018,2,132.0,4.882801922586371,0.064,0.31249932304552774,8.172729104865471
BAYKAR,Tuketici_Elektronigi,2019,1,182.4,5.206202077640231,0.064,0.3331969329689748,8.172729104865471
BAYKAR,Tuketici_Elektronigi,2020,3,236.8,5.46721590300985,0.064,0.3499018177926304,8.172729104865471
BAYKAR,Tuketici_Elektronigi,2021,0,308.5,5.731721843345443,0.064,0.3668301979741083,8.172729104865471
BAYKAR,Tuketici_Elektronigi,2022,3,376.2,5.9301209168669295,0.064,0.3795277386794835,8.172729104865471
BAYKAR,Tuketici_Elektronigi,2023,2,438.0,6.082218910376446,0.064,0.3892620102640926,8.172729104865471
BAYKAR,Tuketici_Elektronigi,2024,2,506.4,6.227326870829966,0.064,0.39854891973311785,8.172729104865471
BAYKAR,Yazilim_Bilisim,2010,0,6.86375,1.9262539396109453,0.45,0.8668142728249254,7.52294091807237
BAYKAR,Yazilim_Bilisim,2011,1,8.075,2.08877286910872,0.45,0.9399477910989241,7.52294091807237
BAYKAR,Yazilim_Bilisim,2012,3,9.5,2.2512917986064953,0.45,1.013081309372923,7.52294091807237
BAYKAR,Yazilim_Bilisim,2013,3,14.8,2.6946271807700692,0.45,1.212582231346531,7.52294091807237
BAYKAR,Yazilim_Bilisim,2014,3,24.1,3.1822118404966093,0.45,1.4319953282234743,7.52294091807237
BAYKAR,Yazilim_Bilisim,2015,3,38.6,3.653252276470785,0.45,1.6439635244118533,7.52294091807237
BAYKAR,Yazilim_Bilisim,2016,18,58.2,4.063885354737392,0.45,1.8287484096318265,7.52294091807237
BAYKAR,Yazilim_Bilisim,2017,1,88.5,4.483002552013883,0.45,2.0173511484062474,7.52294091807237
BAYKAR,Yazilim_Bilisim,2018,23,132.0,4.882801922586371,0.45,2.1972608651638668,7.52294091807237
BAYKAR,Yazilim_Bilisim,2019,1,182.4,5.206202077640231,0.45,2.342790934938104,7.52294091807237
BAYKAR,Yazilim_Bilisim,2020,18,236.8,5.46721590300985,0.45,2.460247156354433,7.52294091807237
BAYKAR,Yazilim_Bilisim,2021,8,308.5,5.731721843345443,0.45,2.579274829505449,7.52294091807237
BAYKAR,Yazilim_Bilisim,2022,10,376.2,5.9301209168669295,0.45,2.6685544125901184,7.52294091807237
BAYKAR,Yazilim_Bilisim,2023,2,438.0,6.082218910376446,0.45,2.7369985096694007,7.52294091807237
BAYKAR,Yazilim_Bilisim,2024,22,506.4,6.227326870829966,0.45,2.8022970918734846,7.52294091807237
BAYKAR,Ileri_Malzeme_Kimya,2010,0,6.86375,1.9262539396109453,0.12,0.23115047275331344,6.824373670043086
BAYKAR,Ileri_Malzeme_Kimya,2011,0,8.075,2.08877286910872,0.12,0.2506527442930464,6.824373670043086
BAYKAR,Ileri_Malzeme_Kimya,2012,0,9.5,2.2512917986064953,0.12,0.2701550158327794,6.824373670043086
BAYKAR,Ileri_Malzeme_Kimya,2013,0,14.8,2.6946271807700692,0.12,0.3233552616924083,6.824373670043086
BAYKAR,Ileri_Malzeme_Kimya,2014,0,24.1,3.1822118404966093,0.12,0.38186542085959313,6.824373670043086
BAYKAR,Ileri_Malzeme_Kimya,2015,1,38.6,3.653252276470785,0.12,0.4383902731764942,6.824373670043086
BAYKAR,Ileri_Malzeme_Kimya,2016,2,58.2,4.063885354737392,0.12,0.48766624256848706,6.824373670043086
BAYKAR,Ileri_Malzeme_Kimya,2017,2,88.5,4.483002552013883,0.12,0.537960306241666,6.824373670043086
BAYKAR,Ileri_Malzeme_Kimya,2018,1,132.0,4.882801922586371,0.12,0.5859362307103645,6.824373670043086
BAYKAR,Ileri_Malzeme_Kimya,2019,3,182.4,5.206202077640231,0.12,0.6247442493168277,6.824373670043086
BAYKAR,Ileri_Malzeme_Kimya,2020,3,236.8,5.46721590300985,0.12,0.6560659083611821,6.824373670043086
BAYKAR,Ileri_Malzeme_Kimya,2021,7,308.5,5.731721843345443,0.12,0.6878066212014531,6.824373670043086
BAYKAR,Ileri_Malzeme_Kimya,2022,3,376.2,5.9301209168669295,0.12,0.7116145100240315,6.824373670043086
BAYKAR,Ileri_Malzeme_Kimya,2023,2,438.0,6.082218910376446,0.12,0.7298662692451735,6.824373670043086
BAYKAR,Ileri_Malzeme_Kimya,2024,7,506.4,6.227326870829966,0.12,0.7472792244995959,6.824373670043086
HAVELSAN,Otomotiv_Otonom,2010,0,17.918,2.8858057941753867,0.0,0.0,7.00669522683704
HAVELSAN,Otomotiv_Otonom,2011,1,21.08,3.0483247236731614,0.0,0.0,7.00669522683704
HAVELSAN,Otomotiv_Otonom,2012,1,24.8,3.2108436531709366,0.0,0.0,7.00669522683704
HAVELSAN,Otomotiv_Otonom,2013,0,29.5,3.3843902633457743,0.0,0.0,7.00669522683704
HAVELSAN,Otomotiv_Otonom,2014,0,37.4,3.6216707044204863,0.0,0.0,7.00669522683704
HAVELSAN,Otomotiv_Otonom,2015,0,47.1,3.8522730010223722,0.0,0.0,7.00669522683704
HAVELSAN,Otomotiv_Otonom,2016,1,59.8,4.091005660956586,0.0,0.0,7.00669522683704
HAVELSAN,Otomotiv_Otonom,2017,0,74.2,4.3067641501733345,0.0,0.0,7.00669522683704
HAVELSAN,Otomotiv_Otonom,2018,2,91.6,4.517431271680085,0.0,0.0,7.00669522683704
HAVELSAN,Otomotiv_Otonom,2019,2,114.2,4.73795129722191,0.0,0.0,7.00669522683704
HAVELSAN,Otomotiv_Otonom,2020,1,133.8,4.896346147694128,0.0,0.0,7.00669522683704
HAVELSAN,Otomotiv_Otonom,2021,4,153.6,5.034351820713572,0.0,0.0,7.00669522683704
HAVELSAN,Otomotiv_Otonom,2022,2,172.4,5.149817358229593,0.0,0.0,7.00669522683704
HAVELSAN,Otomotiv_Otonom,2023,7,193.8,5.266826699456666,0.0,0.0,7.00669522683704
HAVELSAN,Otomotiv_Otonom,2024,2,214.5,5.368309738368072,0.0,0.0,7.00669522683704
HAVELSAN,Telekomunikasyon,2010,2,17.918,2.8858057941753867,0.317,0.9148004367535976,9.020026965252676
HAVELSAN,Telekomunikasyon,2011,3,21.08,3.0483247236731614,0.317,0.9663189374043922,9.020026965252676
HAVELSAN,Telekomunikasyon,2012,1,24.8,3.2108436531709366,0.317,1.017837438055187,9.020026965252676
HAVELSAN,Telekomunikasyon,2013,1,29.5,3.3843902633457743,0.317,1.0728517134806104,9.020026965252676
HAVELSAN,Telekomunikasyon,2014,3,37.4,3.6216707044204863,0.317,1.1480696133012942,9.020026965252676
HAVELSAN,Telekomunikasyon,2015,4,47.1,3.8522730010223722,0.317,1.221170541324092,9.020026965252676
HAVELSAN,Telekomunikasyon,2016,5,59.8,4.091005660956586,0.317,1.2968487945232379,9.020026965252676
HAVELSAN,Telekomunikasyon,2017,8,74.2,4.3067641501733345,0.317,1.365244235604947,9.020026965252676
HAVELSAN,Telekomunikasyon,2018,5,91.6,4.517431271680085,0.317,1.4320257131225869,9.020026965252676
HAVELSAN,Telekomunikasyon,2019,7,114.2,4.73795129722191,0.317,1.5019305612193454,9.020026965252676
HAVELSAN,Telekomunikasyon,2020,5,133.8,4.896346147694128,0.317,1.5521417288190387,9.020026965252676
HAVELSAN,Telekomunikasyon,2021,2,153.6,5.034351820713572,0.317,1.5958895271662024,9.020026965252676
HAVELSAN,Telekomunikasyon,2022,20,172.4,5.149817358229593,0.317,1.632492102558781,9.020026965252676
HAVELSAN,Telekomunikasyon,2023,5,193.8,5.266826699456666,0.317,1.669584063727763,9.020026965252676
HAVELSAN,Telekomunikasyon,2024,1,214.5,5.368309738368072,0.317,1.7017541870626787,9.020026965252676
HAVELSAN,Tuketici_Elektronigi,2010,2,17.918,2.8858057941753867,0.026,0.07503095064856005,8.172729104865471
HAVELSAN,Tuketici_Elektronigi,2011,1,21.08,3.0483247236731614,0.026,0.07925644281550219,8.172729104865471
HAVELSAN,Tuketici_Elektronigi,2012,3,24.8,3.2108436531709366,0.026,0.08348193498244434,8.172729104865471
HAVELSAN,Tuketici_Elektronigi,2013,1,29.5,3.3843902633457743,0.026,0.08799414684699013,8.172729104865471
HAVELSAN,Tuketici_Elektronigi,2014,1,37.4,3.6216707044204863,0.026,0.09416343831493264,8.172729104865471
HAVELSAN,Tuketici_Elektronigi,2015,0,47.1,3.8522730010223722,0.026,0.10015909802658167,8.172729104865471
HAVELSAN,Tuketici_Elektronigi,2016,3,59.8,4.091005660956586,0.026,0.10636614718487124,8.172729104865471
HAVELSAN,Tuketici_Elektronigi,2017,2,74.2,4.3067641501733345,0.026,0.11197586790450668,8.172729104865471
HAVELSAN,Tuketici_Elektronigi,2018,0,91.6,4.517431271680085,0.026,0.1174532130636822,8.172729104865471
HAVELSAN,Tuketici_Elektronigi,2019,4,114.2,4.73795129722191,0.026,0.12318673372776966,8.172729104865471
HAVELSAN,Tuketici_Elektronigi,2020,5,133.8,4.896346147694128,0.026,0.12730499984004734,8.172729104865471
HAVELSAN,Tuketici_Elektronigi,2021,2,153.6,5.034351820713572,0.026,0.13089314733855287,8.172729104865471
HAVELSAN,Tuketici_Elektronigi,2022,3,172.4,5.149817358229593,0.026,0.13389525131396943,8.172729104865471
HAVELSAN,Tuketici_Elektronigi,2023,2,193.8,5.266826699456666,0.026,0.1369374941858733,8.172729104865471
HAVELSAN,Tuketici_Elektronigi,2024,3,214.5,5.368309738368072,0.026,0.13957605319756985,8.172729104865471
HAVELSAN,Yazilim_Bilisim,2010,1,17.918,2.8858057941753867,0.62,1.7891995923887398,7.52294091807237
HAVELSAN,Yazilim_Bilisim,2011,2,21.08,3.0483247236731614,0.62,1.88996132867736,7.52294091807237
HAVELSAN,Yazilim_Bilisim,2012,9,24.8,3.2108436531709366,0.62,1.9907230649659806,7.52294091807237
HAVELSAN,Yazilim_Bilisim,2013,6,29.5,3.3843902633457743,0.62,2.09832196327438,7.52294091807237
HAVELSAN,Yazilim_Bilisim,2014,3,37.4,3.6216707044204863,0.62,2.2454358367407017,7.52294091807237
HAVELSAN,Yazilim_Bilisim,2015,1,47.1,3.8522730010223722,0.62,2.3884092606338707,7.52294091807237
HAVELSAN,Yazilim_Bilisim,2016,12,59.8,4.091005660956586,0.62,2.5364235097930834,7.52294091807237
HAVELSAN,Yazilim_Bilisim,2017,25,74.2,4.3067641501733345,0.62,2.670193773107467,7.52294091807237
HAVELSAN,Yazilim_Bilisim,2018,6,91.6,4.517431271680085,0.62,2.8008073884416524,7.52294091807237
HAVELSAN,Yazilim_Bilisim,2019,17,114.2,4.73795129722191,0.62,2.937529804277584,7.52294091807237
HAVELSAN,Yazilim_Bilisim,2020,11,133.8,4.896346147694128,0.62,3.0357346115703594,7.52294091807237
HAVELSAN,Yazilim_Bilisim,2021,1,153.6,5.034351820713572,0.62,3.1212981288424144,7.52294091807237
HAVELSAN,Yazilim_Bilisim,2022,48,172.4,5.149817358229593,0.62,3.1928867621023476,7.52294091807237
HAVELSAN,Yazilim_Bilisim,2023,16,193.8,5.266826699456666,0.62,3.265432553663133,7.52294091807237
HAVELSAN,Yazilim_Bilisim,2024,26,214.5,5.368309738368072,0.62,3.3283520377882043,7.52294091807237
HAVELSAN,Ileri_Malzeme_Kimya,2010,1,17.918,2.8858057941753867,0.0,0.0,6.824373670043086
HAVELSAN,Ileri_Malzeme_Kimya,2011,1,21.08,3.0483247236731614,0.0,0.0,6.824373670043086
HAVELSAN,Ileri_Malzeme_Kimya,2012,0,24.8,3.2108436531709366,0.0,0.0,6.824373670043086
HAVELSAN,Ileri_Malzeme_Kimya,2013,1,29.5,3.3843902633457743,0.0,0.0,6.824373670043086
HAVELSAN,Ileri_Malzeme_Kimya,2014,0,37.4,3.6216707044204863,0.0,0.0,6.824373670043086
HAVELSAN,Ileri_Malzeme_Kimya,2015,0,47.1,3.8522730010223722,0.0,0.0,6.824373670043086
HAVELSAN,Ileri_Malzeme_Kimya,2016,1,59.8,4.091005660956586,0.0,0.0,6.824373670043086
HAVELSAN,Ileri_Malzeme_Kimya,2017,1,74.2,4.3067641501733345,0.0,0.0,6.824373670043086
HAVELSAN,Ileri_Malzeme_Kimya,2018,2,91.6,4.517431271680085,0.0,0.0,6.824373670043086
HAVELSAN,Ileri_Malzeme_Kimya,2019,0,114.2,4.73795129722191,0.0,0.0,6.824373670043086
HAVELSAN,Ileri_Malzeme_Kimya,2020,0,133.8,4.896346147694128,0.0,0.0,6.824373670043086
HAVELSAN,Ileri_Malzeme_Kimya,2021,0,153.6,5.034351820713572,0.0,0.0,6.824373670043086
HAVELSAN,Ileri_Malzeme_Kimya,2022,2,172.4,5.149817358229593,0.0,0.0,6.824373670043086
HAVELSAN,Ileri_Malzeme_Kimya,2023,2,193.8,5.266826699456666,0.0,0.0,6.824373670043086
HAVELSAN,Ileri_Malzeme_Kimya,2024,0,214.5,5.368309738368072,0.0,0.0,6.824373670043086
STM,Otomotiv_Otonom,2010,0,10.548499999999999,2.3559836697187406,0.107,0.25209025265990526,7.00669522683704
STM,Otomotiv_Otonom,2011,0,12.41,2.5185025992165158,0.107,0.2694797781161672,7.00669522683704
STM,Otomotiv_Otonom,2012,1,14.6,2.681021528714291,0.107,0.2868693035724291,7.00669522683704
STM,Otomotiv_Otonom,2013,0,17.8,2.8791984572980396,0.107,0.30807423493089026,7.00669522683704
STM,Otomotiv_Otonom,2014,0,21.9,3.086486636822455,0.107,0.3302540701400027,7.00669522683704
STM,Otomotiv_Otonom,2015,0,27.5,3.3141860046725258,0.107,0.3546179024999602,7.00669522683704
STM,Otomotiv_Otonom,2016,1,34.8,3.5496173867804286,0.107,0.3798090603855058,7.00669522683704
STM,Otomotiv_Otonom,2017,4,44.2,3.7887247890836524,0.107,0.4053935524319508,7.00669522683704
STM,Otomotiv_Otonom,2018,0,57.4,4.050044303325521,0.107,0.4333547404558307,7.00669522683704
STM,Otomotiv_Otonom,2019,2,71.8,4.273884476054178,0.107,0.457305638937797,7.00669522683704
STM,Otomotiv_Otonom,2020,1,87.2,4.468204330914934,0.107,0.4780978634078979,7.00669522683704
STM,Otomotiv_Otonom,2021,5,104.1,4.645351975620923,0.107,0.4970526613914388,7.00669522683704
STM,Otomotiv_Otonom,2022,6,118.6,4.775756486563625,0.107,0.5110059440623079,7.00669522683704
STM,Otomotiv_Otonom,2023,4,133.5,4.894101477840304,0.107,0.5236688581289125,7.00669522683704
STM,Otomotiv_Otonom,2024,4,148.9,5.003274939689963,0.107,0.5353504185468261,7.00669522683704
STM,Telekomunikasyon,2010,0,10.548499999999999,2.3559836697187406,0.227,0.5348082930261542,9.020026965252676
STM,Telekomunikasyon,2011,0,12.41,2.5185025992165158,0.227,0.571700090022149,9.020026965252676
STM,Telekomunikasyon,2012,2,14.6,2.681021528714291,0.227,0.608591887018144,9.020026965252676
STM,Telekomunikasyon,2013,0,17.8,2.8791984572980396,0.227,0.653578049806655,9.020026965252676
STM,Telekomunikasyon,2014,6,21.9,3.086486636822455,0.227,0.7006324665586973,9.020026965252676
STM,Telekomunikasyon,2015,3,27.5,3.3141860046725258,0.227,0.7523202230606634,9.020026965252676
STM,Telekomunikasyon,2016,2,34.8,3.5496173867804286,0.227,0.8057631467991573,9.020026965252676
STM,Telekomunikasyon,2017,5,44.2,3.7887247890836524,0.227,0.8600405271219891,9.020026965252676
STM,Telekomunikasyon,2018,1,57.4,4.050044303325521,0.227,0.9193600568548933,9.020026965252676
STM,Telekomunikasyon,2019,0,71.8,4.273884476054178,0.227,0.9701717760642985,9.020026965252676
STM,Telekomunikasyon,2020,9,87.2,4.468204330914934,0.227,1.01428238311769,9.020026965252676
STM,Telekomunikasyon,2021,3,104.1,4.645351975620923,0.227,1.0544948984659497,9.020026965252676
STM,Telekomunikasyon,2022,2,118.6,4.775756486563625,0.227,1.084096722449943,9.020026965252676
STM,Telekomunikasyon,2023,1,133.5,4.894101477840304,0.227,1.110961035469749,9.020026965252676
STM,Telekomunikasyon,2024,12,148.9,5.003274939689963,0.227,1.1357434113096216,9.020026965252676
STM,Tuketici_Elektronigi,2010,0,10.548499999999999,2.3559836697187406,0.036,0.08481541210987466,8.172729104865471
STM,Tuketici_Elektronigi,2011,4,12.41,2.5185025992165158,0.036,0.09066609357179456,8.172729104865471
STM,Tuketici_Elektronigi,2012,1,14.6,2.681021528714291,0.036,0.09651677503371446,8.172729104865471
STM,Tuketici_Elektronigi,2013,0,17.8,2.8791984572980396,0.036,0.10365114446272941,8.172729104865471
STM,Tuketici_Elektronigi,2014,1,21.9,3.086486636822455,0.036,0.11111351892560838,8.172729104865471
STM,Tuketici_Elektronigi,2015,0,27.5,3.3141860046725258,0.036,0.11931069616821093,8.172729104865471
STM,Tuketici_Elektronigi,2016,0,34.8,3.5496173867804286,0.036,0.12778622592409541,8.172729104865471
STM,Tuketici_Elektronigi,2017,0,44.2,3.7887247890836524,0.036,0.13639409240701147,8.172729104865471
STM,Tuketici_Elektronigi,2018,0,57.4,4.050044303325521,0.036,0.14580159491971875,8.172729104865471
STM,Tuketici_Elektronigi,2019,1,71.8,4.273884476054178,0.036,0.1538598411379504,8.172729104865471
STM,Tuketici_Elektronigi,2020,0,87.2,4.468204330914934,0.036,0.1608553559129376,8.172729104865471
STM,Tuketici_Elektronigi,2021,0,104.1,4.645351975620923,0.036,0.16723267112235324,8.172729104865471
STM,Tuketici_Elektronigi,2022,3,118.6,4.775756486563625,0.036,0.1719272335162905,8.172729104865471
STM,Tuketici_Elektronigi,2023,3,133.5,4.894101477840304,0.036,0.17618765320225094,8.172729104865471
STM,Tuketici_Elektronigi,2024,3,148.9,5.003274939689963,0.036,0.18011789782883866,8.172729104865471
STM,Yazilim_Bilisim,2010,0,10.548499999999999,2.3559836697187406,0.51,1.2015516715565577,7.52294091807237
STM,Yazilim_Bilisim,2011,0,12.41,2.5185025992165158,0.51,1.284436325600423,7.52294091807237
STM,Yazilim_Bilisim,2012,0,14.6,2.681021528714291,0.51,1.3673209796442884,7.52294091807237
STM,Yazilim_Bilisim,2013,2,17.8,2.8791984572980396,0.51,1.4683912132220003,7.52294091807237
STM,Yazilim_Bilisim,2014,7,21.9,3.086486636822455,0.51,1.574108184779452,7.52294091807237
STM,Yazilim_Bilisim,2015,2,27.5,3.3141860046725258,0.51,1.6902348623829881,7.52294091807237
STM,Yazilim_Bilisim,2016,10,34.8,3.5496173867804286,0.51,1.8103048672580186,7.52294091807237
STM,Yazilim_Bilisim,2017,7,44.2,3.7887247890836524,0.51,1.9322496424326627,7.52294091807237
STM,Yazilim_Bilisim,2018,2,57.4,4.050044303325521,0.51,2.0655225946960156,7.52294091807237
STM,Yazilim_Bilisim,2019,1,71.8,4.273884476054178,0.51,2.179681082787631,7.52294091807237
STM,Yazilim_Bilisim,2020,12,87.2,4.468204330914934,0.51,2.2787842087666164,7.52294091807237
STM,Yazilim_Bilisim,2021,14,104.1,4.645351975620923,0.51,2.369129507566671,7.52294091807237
STM,Yazilim_Bilisim,2022,4,118.6,4.775756486563625,0.51,2.435635808147449,7.52294091807237
STM,Yazilim_Bilisim,2023,12,133.5,4.894101477840304,0.51,2.495991753698555,7.52294091807237
STM,Yazilim_Bilisim,2024,10,148.9,5.003274939689963,0.51,2.551670219241881,7.52294091807237
STM,Ileri_Malzeme_Kimya,2010,0,10.548499999999999,2.3559836697187406,0.158,0.37224541981556103,6.824373670043086
STM,Ileri_Malzeme_Kimya,2011,1,12.41,2.5185025992165158,0.158,0.3979234106762095,6.824373670043086
STM,Ileri_Malzeme_Kimya,2012,1,14.6,2.681021528714291,0.158,0.423601401536858,6.824373670043086
STM,Ileri_Malzeme_Kimya,2013,1,17.8,2.8791984572980396,0.158,0.45491335625309026,6.824373670043086
STM,Ileri_Malzeme_Kimya,2014,0,21.9,3.086486636822455,0.158,0.4876648886179479,6.824373670043086
STM,Ileri_Malzeme_Kimya,2015,2,27.5,3.3141860046725258,0.158,0.523641388738259,6.824373670043086
STM,Ileri_Malzeme_Kimya,2016,2,34.8,3.5496173867804286,0.158,0.5608395471113077,6.824373670043086
STM,Ileri_Malzeme_Kimya,2017,4,44.2,3.7887247890836524,0.158,0.598618516675217,6.824373670043086
STM,Ileri_Malzeme_Kimya,2018,1,57.4,4.050044303325521,0.158,0.6399069999254323,6.824373670043086
STM,Ileri_Malzeme_Kimya,2019,1,71.8,4.273884476054178,0.158,0.6752737472165602,6.824373670043086
STM,Ileri_Malzeme_Kimya,2020,0,87.2,4.468204330914934,0.158,0.7059762842845595,6.824373670043086
STM,Ileri_Malzeme_Kimya,2021,4,104.1,4.645351975620923,0.158,0.7339656121481059,6.824373670043086
STM,Ileri_Malzeme_Kimya,2022,2,118.6,4.775756486563625,0.158,0.7545695248770528,6.824373670043086
STM,Ileri_Malzeme_Kimya,2023,8,133.5,4.894101477840304,0.158,0.773268033498768,6.824373670043086
STM,Ileri_Malzeme_Kimya,2024,5,148.9,5.003274939689963,0.158,0.7905174404710142,6.824373670043086
