firm,year,patents,log_rd_lag2,jaffe,treated,post_2016,did_2016,post_2012,placebo_did
TURKCELL,2010,24,5.521460917862246,0.476,1,0,0,0,0
TURKCELL,2011,29,5.521460917862246,0.476,1,0,0,0,0
TURKCELL,2012,4,5.648974238161206,0.476,1,0,0,1,1
TURKCELL,2013,2,5.800304041646823,0.476,1,0,0,1,1
TURKCELL,2014,14,6.001909804969521,0.476,1,0,0,1,1
TURKCELL,2015,75,6.232251533594787,0.476,1,0,0,1,1
TURKCELL,2016,267,6.477895014039251,0.476,1,1,1,1,1
TURKCELL,2017,22,6.706617807930542,0.476,1,1,1,1,1
TURKCELL,2018,343,6.937993462042747,0.476,1,1,1,1,1
TURKCELL,2019,111,7.154380954443551,0.476,1,1,1,1,1
TURKCELL,2020,526,7.335242771124794,0.476,1,1,1,1,1
TURKCELL,2021,564,7.49041772636681,0.476,1,1,1,1,1
TURKCELL,2022,255,7.593323814018532,0.476,1,1,1,1,1
TURKCELL,2023,552,7.68634594135955,0.476,1,1,1,1,1
TURKCELL,2024,583,7.812459141604372,0.476,1,1,1,1,1
TURK_TELEKOM,2010,0,5.521460917862246,0.442,1,0,0,0,0
TURK_TELEKOM,2011,0,5.521460917862246,0.442,1,0,0,0,0
TURK_TELEKOM,2012,0,5.648974238161206,0.442,1,0,0,1,1
TURK_TELEKOM,2013,0,5.800304041646823,0.442,1,0,0,1,1
TURK_TELEKOM,2014,0,6.001909804969521,0.442,1,0,0,1,1
TURK_TELEKOM,2015,0,6.232251533594787,0.442,1,0,0,1,1
TURK_TELEKOM,2016,1,6.477895014039251,0.442,1,1,1,1,1
TURK_TELEKOM,2017,0,6.706617807930542,0.442,1,1,1,1,1
TURK_TELEKOM,2018,0,6.937993462042747,0.442,1,1,1,1,1
TURK_TELEKOM,2019,0,7.154380954443551,0.442,1,1,1,1,1
TURK_TELEKOM,2020,4,7.335242771124794,0.442,1,1,1,1,1
TURK_TELEKOM,2021,105,7.49041772636681,0.442,1,1,1,1,1
TURK_TELEKOM,2022,132,7.593323814018532,0.442,1,1,1,1,1
TURK_TELEKOM,2023,260,7.68634594135955,0.442,1,1,1,1,1
TURK_TELEKOM,2024,799,7.812459141604372,0.442,1,1,1,1,1
NETAS,2010,3,5.521460917862246,0.41,1,0,0,0,0
NETAS,2011,2,5.521460917862246,0.41,1,0,0,0,0
NETAS,2012,1,5.648974238161206,0.41,1,0,0,1,1
NETAS,2013,5,5.800304041646823,0.41,1,0,0,1,1
NETAS,2014,9,6.001909804969521,0.41,1,0,0,1,1
NETAS,2015,14,6.232251533594787,0.41,1,0,0,1,1
NETAS,2016,76,6.477895014039251,0.41,1,1,1,1,1
NETAS,2017,59,6.706617807930542,0.41,1,1,1,1,1
NETAS,2018,64,6.937993462042747,0.41,1,1,1,1,1
NETAS,2019,29,7.154380954443551,0.41,1,1,1,1,1
NETAS,2020,5,7.335242771124794,0.41,1,1,1,1,1
NETAS,2021,17,7.49041772636681,0.41,1,1,1,1,1
NETAS,2022,19,7.593323814018532,0.41,1,1,1,1,1
NETAS,2023,13,7.68634594135955,0.41,1,1,1,1,1
NETAS,2024,6,7.812459141604372,0.41,1,1,1,1,1
KAREL,2010,0,5.521460917862246,0.395,1,0,0,0,0
KAREL,2011,4,5.521460917862246,0.395,1,0,0,0,0
KAREL,2012,0,5.648974238161206,0.395,1,0,0,1,1
KAREL,2013,0,5.800304041646823,0.395,1,0,0,1,1
KAREL,2014,0,6.001909804969521,0.395,1,0,0,1,1
KAREL,2015,0,6.232251533594787,0.395,1,0,0,1,1
KAREL,2016,0,6.477895014039251,0.395,1,1,1,1,1
KAREL,2017,0,6.706617807930542,0.395,1,1,1,1,1
KAREL,2018,0,6.937993462042747,0.395,1,1,1,1,1
KAREL,2019,0,7.154380954443551,0.395,1,1,1,1,1
KAREL,2020,1,7.335242771124794,0.395,1,1,1,1,1
KAREL,2021,1,7.49041772636681,0.395,1,1,1,1,1
KAREL,2022,1,7.593323814018532,0.395,1,1,1,1,1
KAREL,2023,2,7.68634594135955,0.395,1,1,1,1,1
KAREL,2024,2,7.812459141604372,0.395,1,1,1,1,1
LOGO_YAZILIM,2010,0,5.521460917862246,0.38,1,0,0,0,0
LOGO_YAZILIM,2011,0,5.521460917862246,0.38,1,0,0,0,0
LOGO_YAZILIM,2012,0,5.648974238161206,0.38,1,0,0,1,1
LOGO_YAZILIM,2013,0,5.800304041646823,0.38,1,0,0,1,1
LOGO_YAZILIM,2014,0,6.001909804969521,0.38,1,0,0,1,1
LOGO_YAZILIM,2015,0,6.232251533594787,0.38,1,0,0,1,1
LOGO_YAZILIM,2016,0,6.477895014039251,0.38,1,1,1,1,1
LOGO_YAZILIM,2017,0,6.706617807930542,0.38,1,1,1,1,1
LOGO_YAZILIM,2018,0,6.937993462042747,0.38,1,1,1,1,1
LOGO_YAZILIM,2019,0,7.154380954443551,0.38,1,1,1,1,1
LOGO_YAZILIM,2020,0,7.335242771124794,0.38,1,1,1,1,1
LOGO_YAZILIM,2021,0,7.49041772636681,0.38,1,1,1,1,1
LOGO_YAZILIM,2022,0,7.593323814018532,0.38,1,1,1,1,1
LOGO_YAZILIM,2023,0,7.68634594135955,0.38,1,1,1,1,1
LOGO_YAZILIM,2024,0,7.812459141604372,0.38,1,1,1,1,1
MERCEDES_BENZ,2010,0,5.521460917862246,0.365,1,0,0,0,0
MERCEDES_BENZ,2011,0,5.521460917862246,0.365,1,0,0,0,0
MERCEDES_BENZ,2012,0,5.648974238161206,0.365,1,0,0,1,1
MERCEDES_BENZ,2013,0,5.800304041646823,0.365,1,0,0,1,1
MERCEDES_BENZ,2014,2,6.001909804969521,0.365,1,0,0,1,1
MERCEDES_BENZ,2015,1,6.232251533594787,0.365,1,0,0,1,1
MERCEDES_BENZ,2016,8,6.477895014039251,0.365,1,1,1,1,1
MERCEDES_BENZ,2017,2,6.706617807930542,0.365,1,1,1,1,1
MERCEDES_BENZ,2018,19,6.937993462042747,0.365,1,1,1,1,1
MERCEDES_BENZ,2019,86,7.154380954443551,0.365,1,1,1,1,1
MERCEDES_BENZ,2020,176,7.335242771124794,0.365,1,1,1,1,1
MERCEDES_BENZ,2021,139,7.49041772636681,0.365,1,1,1,1,1
MERCEDES_BENZ,2022,180,7.593323814018532,0.365,1,1,1,1,1
MERCEDES_BENZ,2023,59,7.68634594135955,0.365,1,1,1,1,1
MERCEDES_BENZ,2024,50,7.812459141604372,0.365,1,1,1,1,1
BOSCH_TR,2010,4,5.521460917862246,0.355,1,0,0,0,0
BOSCH_TR,2011,10,5.521460917862246,0.355,1,0,0,0,0
BOSCH_TR,2012,4,5.648974238161206,0.355,1,0,0,1,1
BOSCH_TR,2013,1,5.800304041646823,0.355,1,0,0,1,1
BOSCH_TR,2014,3,6.001909804969521,0.355,1,0,0,1,1
BOSCH_TR,2015,21,6.232251533594787,0.355,1,0,0,1,1
BOSCH_TR,2016,23,6.477895014039251,0.355,1,1,1,1,1
BOSCH_TR,2017,25,6.706617807930542,0.355,1,1,1,1,1
BOSCH_TR,2018,21,6.937993462042747,0.355,1,1,1,1,1
BOSCH_TR,2019,22,7.154380954443551,0.355,1,1,1,1,1
BOSCH_TR,2020,21,7.335242771124794,0.355,1,1,1,1,1
BOSCH_TR,2021,20,7.49041772636681,0.355,1,1,1,1,1
BOSCH_TR,2022,22,7.593323814018532,0.355,1,1,1,1,1
BOSCH_TR,2023,26,7.68634594135955,0.355,1,1,1,1,1
BOSCH_TR,2024,13,7.812459141604372,0.355,1,1,1,1,1
KORDSA,2010,2,5.521460917862246,0.34,1,0,0,0,0
KORDSA,2011,2,5.521460917862246,0.34,1,0,0,0,0
KORDSA,2012,1,5.648974238161206,0.34,1,0,0,1,1
KORDSA,2013,1,5.800304041646823,0.34,1,0,0,1,1
KORDSA,2014,2,6.001909804969521,0.34,1,0,0,1,1
KORDSA,2015,5,6.232251533594787,0.34,1,0,0,1,1
KORDSA,2016,15,6.477895014039251,0.34,1,1,1,1,1
KORDSA,2017,16,6.706617807930542,0.34,1,1,1,1,1
KORDSA,2018,0,6.937993462042747,0.34,1,1,1,1,1
KORDSA,2019,4,7.154380954443551,0.34,1,1,1,1,1
KORDSA,2020,7,7.335242771124794,0.34,1,1,1,1,1
KORDSA,2021,7,7.49041772636681,0.34,1,1,1,1,1
KORDSA,2022,13,7.593323814018532,0.34,1,1,1,1,1
KORDSA,2023,8,7.68634594135955,0.34,1,1,1,1,1
KORDSA,2024,3,7.812459141604372,0.34,1,1,1,1,1
FORD_OTOSAN,2010,43,5.521460917862246,0.332,1,0,0,0,0
FORD_OTOSAN,2011,27,5.521460917862246,0.332,1,0,0,0,0
FORD_OTOSAN,2012,12,5.648974238161206,0.332,1,0,0,1,1
FORD_OTOSAN,2013,15,5.800304041646823,0.332,1,0,0,1,1
FORD_OTOSAN,2014,22,6.001909804969521,0.332,1,0,0,1,1
FORD_OTOSAN,2015,68,6.232251533594787,0.332,1,0,0,1,1
FORD_OTOSAN,2016,148,6.477895014039251,0.332,1,1,1,1,1
FORD_OTOSAN,2017,204,6.706617807930542,0.332,1,1,1,1,1
FORD_OTOSAN,2018,0,6.937993462042747,0.332,1,1,1,1,1
FORD_OTOSAN,2019,4,7.154380954443551,0.332,1,1,1,1,1
FORD_OTOSAN,2020,5,7.335242771124794,0.332,1,1,1,1,1
FORD_OTOSAN,2021,2,7.49041772636681,0.332,1,1,1,1,1
FORD_OTOSAN,2022,1,7.593323814018532,0.332,1,1,1,1,1
FORD_OTOSAN,2023,1,7.68634594135955,0.332,1,1,1,1,1
FORD_OTOSAN,2024,8,7.812459141604372,0.332,1,1,1,1,1
TOGG,2010,0,5.521460917862246,0.325,1,0,0,0,0
TOGG,2011,0,5.521460917862246,0.325,1,0,0,0,0
TOGG,2012,0,5.648974238161206,0.325,1,0,0,1,1
TOGG,2013,0,5.800304041646823,0.325,1,0,0,1,1
TOGG,2014,0,6.001909804969521,0.325,1,0,0,1,1
TOGG,2015,0,6.232251533594787,0.325,1,0,0,1,1
TOGG,2016,0,6.477895014039251,0.325,1,1,1,1,1
TOGG,2017,0,6.706617807930542,0.325,1,1,1,1,1
TOGG,2018,0,6.937993462042747,0.325,1,1,1,1,1
TOGG,2019,0,7.154380954443551,0.325,1,1,1,1,1
TOGG,2020,1,7.335242771124794,0.325,1,1,1,1,1
TOGG,2021,1,7.49041772636681,0.325,1,1,1,1,1
TOGG,2022,19,7.593323814018532,0.325,1,1,1,1,1
TOGG,2023,183,7.68634594135955,0.325,1,1,1,1,1
TOGG,2024,400,7.812459141604372,0.325,1,1,1,1,1
OTOKAR,2010,8,5.521460917862246,0.315,1,0,0,0,0
OTOKAR,2011,1,5.521460917862246,0.315,1,0,0,0,0
OTOKAR,2012,0,5.648974238161206,0.315,1,0,0,1,1
OTOKAR,2013,2,5.800304041646823,0.315,1,0,0,1,1
OTOKAR,2014,7,6.001909804969521,0.315,1,0,0,1,1
OTOKAR,2015,4,6.232251533594787,0.315,1,0,0,1,1
OTOKAR,2016,27,6.477895014039251,0.315,1,1,1,1,1
OTOKAR,2017,24,6.706617807930542,0.315,1,1,1,1,1
OTOKAR,2018,6,6.937993462042747,0.315,1,1,1,1,1
OTOKAR,2019,16,7.154380954443551,0.315,1,1,1,1,1
OTOKAR,2020,19,7.335242771124794,0.315,1,1,1,1,1
OTOKAR,2021,12,7.49041772636681,0.315,1,1,1,1,1
OTOKAR,2022,5,7.593323814018532,0.315,1,1,1,1,1
OTOKAR,2023,1,7.68634594135955,0.315,1,1,1,1,1
OTOKAR,2024,0,7.812459141604372,0.315,1,1,1,1,1
TOFAS,2010,4,5.521460917862246,0.31,1,0,0,0,0
TOFAS,2011,4,5.521460917862246,0.31,1,0,0,0,0
TOFAS,2012,5,5.648974238161206,0.31,1,0,0,1,1
TOFAS,2013,8,5.800304041646823,0.31,1,0,0,1,1
TOFAS,2014,18,6.001909804969521,0.31,1,0,0,1,1
TOFAS,2015,49,6.232251533594787,0.31,1,0,0,1,1
TOFAS,2016,96,6.477895014039251,0.31,1,1,1,1,1
TOFAS,2017,51,6.706617807930542,0.31,1,1,1,1,1
TOFAS,2018,30,6.937993462042747,0.31,1,1,1,1,1
TOFAS,2019,104,7.154380954443551,0.31,1,1,1,1,1
TOFAS,2020,36,7.335242771124794,0.31,1,1,1,1,1
TOFAS,2021,30,7.49041772636681,0.31,1,1,1,1,1
TOFAS,2022,32,7.593323814018532,0.31,1,1,1,1,1
TOFAS,2023,32,7.68634594135955,0.31,1,1,1,1,1
TOFAS,2024,20,7.812459141604372,0.31,1,1,1,1,1
TIRSAN,2010,3,5.521460917862246,0.298,1,0,0,0,0
TIRSAN,2011,9,5.521460917862246,0.298,1,0,0,0,0
TIRSAN,2012,2,5.648974238161206,0.298,1,0,0,1,1
TIRSAN,2013,0,5.800304041646823,0.298,1,0,0,1,1
TIRSAN,2014,4,6.001909804969521,0.298,1,0,0,1,1
TIRSAN,2015,25,6.232251533594787,0.298,1,0,0,1,1
TIRSAN,2016,27,6.477895014039251,0.298,1,1,1,1,1
TIRSAN,2017,38,6.706617807930542,0.298,1,1,1,1,1
TIRSAN,2018,79,6.937993462042747,0.298,1,1,1,1,1
TIRSAN,2019,39,7.154380954443551,0.298,1,1,1,1,1
TIRSAN,2020,38,7.335242771124794,0.298,1,1,1,1,1
TIRSAN,2021,65,7.49041772636681,0.298,1,1,1,1,1
TIRSAN,2022,77,7.593323814018532,0.298,1,1,1,1,1
TIRSAN,2023,79,7.68634594135955,0.298,1,1,1,1,1
TIRSAN,2024,86,7.812459141604372,0.298,1,1,1,1,1
KARSAN,2010,0,5.521460917862246,0.295,1,0,0,0,0
KARSAN,2011,1,5.521460917862246,0.295,1,0,0,0,0
KARSAN,2012,0,5.648974238161206,0.295,1,0,0,1,1
KARSAN,2013,0,5.800304041646823,0.295,1,0,0,1,1
KARSAN,2014,0,6.001909804969521,0.295,1,0,0,1,1
KARSAN,2015,0,6.232251533594787,0.295,1,0,0,1,1
KARSAN,2016,3,6.477895014039251,0.295,1,1,1,1,1
KARSAN,2017,0,6.706617807930542,0.295,1,1,1,1,1
KARSAN,2018,1,6.937993462042747,0.295,1,1,1,1,1
KARSAN,2019,0,7.154380954443551,0.295,1,1,1,1,1
KARSAN,2020,1,7.335242771124794,0.295,1,1,1,1,1
KARSAN,2021,3,7.49041772636681,0.295,1,1,1,1,1
KARSAN,2022,4,7.593323814018532,0.295,1,1,1,1,1
KARSAN,2023,7,7.68634594135955,0.295,1,1,1,1,1
KARSAN,2024,0,7.812459141604372,0.295,1,1,1,1,1
COSKUNOZ,2010,0,5.521460917862246,0.292,1,0,0,0,0
COSKUNOZ,2011,0,5.521460917862246,0.292,1,0,0,0,0
COSKUNOZ,2012,0,5.648974238161206,0.292,1,0,0,1,1
COSKUNOZ,2013,0,5.800304041646823,0.292,1,0,0,1,1
COSKUNOZ,2014,0,6.001909804969521,0.292,1,0,0,1,1
COSKUNOZ,2015,0,6.232251533594787,0.292,1,0,0,1,1
COSKUNOZ,2016,0,6.477895014039251,0.292,1,1,1,1,1
COSKUNOZ,2017,0,6.706617807930542,0.292,1,1,1,1,1
COSKUNOZ,2018,0,6.937993462042747,0.292,1,1,1,1,1
COSKUNOZ,2019,0,7.154380954443551,0.292,1,1,1,1,1
COSKUNOZ,2020,0,7.335242771124794,0.292,1,1,1,1,1
COSKUNOZ,2021,0,7.49041772636681,0.292,1,1,1,1,1
COSKUNOZ,2022,0,7.593323814018532,0.292,1,1,1,1,1
COSKUNOZ,2023,0,7.68634594135955,0.292,1,1,1,1,1
COSKUNOZ,2024,0,7.812459141604372,0.292,1,1,1,1,1
DALGAKIRAN,2010,0,5.521460917862246,0.26,0,0,0,0,0
DALGAKIRAN,2011,0,5.521460917862246,0.26,0,0,0,0,0
DALGAKIRAN,2012,0,5.648974238161206,0.26,0,0,0,1,0
DALGAKIRAN,2013,0,5.800304041646823,0.26,0,0,0,1,0
DALGAKIRAN,2014,0,6.001909804969521,0.26,0,0,0,1,0
DALGAKIRAN,2015,0,6.232251533594787,0.26,0,0,0,1,0
DALGAKIRAN,2016,0,6.477895014039251,0.26,0,1,0,1,0
DALGAKIRAN,2017,0,6.706617807930542,0.26,0,1,0,1,0
DALGAKIRAN,2018,0,6.937993462042747,0.26,0,1,0,1,0
DALGAKIRAN,2019,0,7.154380954443551,0.26,0,1,0,1,0
DALGAKIRAN,2020,0,7.335242771124794,0.26,0,1,0,1,0
DALGAKIRAN,2021,1,7.49041772636681,0.26,0,1,0,1,0
DALGAKIRAN,2022,1,7.593323814018532,0.26,0,1,0,1,0
DALGAKIRAN,2023,1,7.68634594135955,0.26,0,1,0,1,0
DALGAKIRAN,2024,1,7.812459141604372,0.26,0,1,0,1,0
HIDROMEK,2010,2,5.521460917862246,0.255,0,0,0,0,0
HIDROMEK,2011,1,5.521460917862246,0.255,0,0,0,0,0
HIDROMEK,2012,1,5.648974238161206,0.255,0,0,0,1,0
HIDROMEK,2013,0,5.800304041646823,0.255,0,0,0,1,0
HIDROMEK,2014,0,6.001909804969521,0.255,0,0,0,1,0
HIDROMEK,2015,3,6.232251533594787,0.255,0,0,0,1,0
HIDROMEK,2016,1,6.477895014039251,0.255,0,1,0,1,0
HIDROMEK,2017,3,6.706617807930542,0.255,0,1,0,1,0
HIDROMEK,2018,3,6.937993462042747,0.255,0,1,0,1,0
HIDROMEK,2019,1,7.154380954443551,0.255,0,1,0,1,0
HIDROMEK,2020,3,7.335242771124794,0.255,0,1,0,1,0
HIDROMEK,2021,3,7.49041772636681,0.255,0,1,0,1,0
HIDROMEK,2022,2,7.593323814018532,0.255,0,1,0,1,0
HIDROMEK,2023,9,7.68634594135955,0.255,0,1,0,1,0
HIDROMEK,2024,8,7.812459141604372,0.255,0,1,0,1,0
SISECAM,2010,0,5.521460917862246,0.245,0,0,0,0,0
SISECAM,2011,0,5.521460917862246,0.245,0,0,0,0,0
SISECAM,2012,0,5.648974238161206,0.245,0,0,0,1,0
SISECAM,2013,0,5.800304041646823,0.245,0,0,0,1,0
SISECAM,2014,0,6.001909804969521,0.245,0,0,0,1,0
SISECAM,2015,0,6.232251533594787,0.245,0,0,0,1,0
SISECAM,2016,14,6.477895014039251,0.245,0,1,0,1,0
SISECAM,2017,4,6.706617807930542,0.245,0,1,0,1,0
SISECAM,2018,8,6.937993462042747,0.245,0,1,0,1,0
SISECAM,2019,1,7.154380954443551,0.245,0,1,0,1,0
SISECAM,2020,4,7.335242771124794,0.245,0,1,0,1,0
SISECAM,2021,4,7.49041772636681,0.245,0,1,0,1,0
SISECAM,2022,8,7.593323814018532,0.245,0,1,0,1,0
SISECAM,2023,20,7.68634594135955,0.245,0,1,0,1,0
SISECAM,2024,33,7.812459141604372,0.245,0,1,0,1,0
TUPRAS,2010,0,5.521460917862246,0.235,0,0,0,0,0
TUPRAS,2011,0,5.521460917862246,0.235,0,0,0,0,0
TUPRAS,2012,0,5.648974238161206,0.235,0,0,0,1,0
TUPRAS,2013,0,5.800304041646823,0.235,0,0,0,1,0
TUPRAS,2014,0,6.001909804969521,0.235,0,0,0,1,0
TUPRAS,2015,5,6.232251533594787,0.235,0,0,0,1,0
TUPRAS,2016,10,6.477895014039251,0.235,0,1,0,1,0
TUPRAS,2017,3,6.706617807930542,0.235,0,1,0,1,0
TUPRAS,2018,0,6.937993462042747,0.235,0,1,0,1,0
TUPRAS,2019,8,7.154380954443551,0.235,0,1,0,1,0
TUPRAS,2020,1,7.335242771124794,0.235,0,1,0,1,0
TUPRAS,2021,1,7.49041772636681,0.235,0,1,0,1,0
TUPRAS,2022,0,7.593323814018532,0.235,0,1,0,1,0
TUPRAS,2023,0,7.68634594135955,0.235,0,1,0,1,0
TUPRAS,2024,1,7.812459141604372,0.235,0,1,0,1,0
PETKIM,2010,3,5.521460917862246,0.23,0,0,0,0,0
PETKIM,2011,0,5.521460917862246,0.23,0,0,0,0,0
PETKIM,2012,1,5.648974238161206,0.23,0,0,0,1,0
PETKIM,2013,0,5.800304041646823,0.23,0,0,0,1,0
PETKIM,2014,1,6.001909804969521,0.23,0,0,0,1,0
PETKIM,2015,0,6.232251533594787,0.23,0,0,0,1,0
PETKIM,2016,0,6.477895014039251,0.23,0,1,0,1,0
PETKIM,2017,0,6.706617807930542,0.23,0,1,0,1,0
PETKIM,2018,0,6.937993462042747,0.23,0,1,0,1,0
PETKIM,2019,3,7.154380954443551,0.23,0,1,0,1,0
PETKIM,2020,0,7.335242771124794,0.23,0,1,0,1,0
PETKIM,2021,0,7.49041772636681,0.23,0,1,0,1,0
PETKIM,2022,0,7.593323814018532,0.23,0,1,0,1,0
PETKIM,2023,0,7.68634594135955,0.23,0,1,0,1,0
PETKIM,2024,0,7.812459141604372,0.23,0,1,0,1,0
AKSA_AKRILIK,2010,0,5.521460917862246,0.225,0,0,0,0,0
AKSA_AKRILIK,2011,1,5.521460917862246,0.225,0,0,0,0,0
AKSA_AKRILIK,2012,0,5.648974238161206,0.225,0,0,0,1,0
AKSA_AKRILIK,2013,0,5.800304041646823,0.225,0,0,0,1,0
AKSA_AKRILIK,2014,0,6.001909804969521,0.225,0,0,0,1,0
AKSA_AKRILIK,2015,0,6.232251533594787,0.225,0,0,0,1,0
AKSA_AKRILIK,2016,0,6.477895014039251,0.225,0,1,0,1,0
AKSA_AKRILIK,2017,1,6.706617807930542,0.225,0,1,0,1,0
AKSA_AKRILIK,2018,0,6.937993462042747,0.225,0,1,0,1,0
AKSA_AKRILIK,2019,2,7.154380954443551,0.225,0,1,0,1,0
AKSA_AKRILIK,2020,1,7.335242771124794,0.225,0,1,0,1,0
AKSA_AKRILIK,2021,2,7.49041772636681,0.225,0,1,0,1,0
AKSA_AKRILIK,2022,3,7.593323814018532,0.225,0,1,0,1,0
AKSA_AKRILIK,2023,3,7.68634594135955,0.225,0,1,0,1,0
AKSA_AKRILIK,2024,2,7.812459141604372,0.225,0,1,0,1,0
NORM_CIVATA,2010,0,5.521460917862246,0.215,0,0,0,0,0
NORM_CIVATA,2011,1,5.521460917862246,0.215,0,0,0,0,0
NORM_CIVATA,2012,0,5.648974238161206,0.215,0,0,0,1,0
NORM_CIVATA,2013,0,5.800304041646823,0.215,0,0,0,1,0
NORM_CIVATA,2014,0,6.001909804969521,0.215,0,0,0,1,0
NORM_CIVATA,2015,0,6.232251533594787,0.215,0,0,0,1,0
NORM_CIVATA,2016,0,6.477895014039251,0.215,0,1,0,1,0
NORM_CIVATA,2017,2,6.706617807930542,0.215,0,1,0,1,0
NORM_CIVATA,2018,0,6.937993462042747,0.215,0,1,0,1,0
NORM_CIVATA,2019,5,7.154380954443551,0.215,0,1,0,1,0
NORM_CIVATA,2020,1,7.335242771124794,0.215,0,1,0,1,0
NORM_CIVATA,2021,1,7.49041772636681,0.215,0,1,0,1,0
NORM_CIVATA,2022,1,7.593323814018532,0.215,0,1,0,1,0
NORM_CIVATA,2023,0,7.68634594135955,0.215,0,1,0,1,0
NORM_CIVATA,2024,0,7.812459141604372,0.215,0,1,0,1,0
SARKUYSAN,2010,0,5.521460917862246,0.21,0,0,0,0,0
SARKUYSAN,2011,0,5.521460917862246,0.21,0,0,0,0,0
SARKUYSAN,2012,0,5.648974238161206,0.21,0,0,0,1,0
SARKUYSAN,2013,0,5.800304041646823,0.21,0,0,0,1,0
SARKUYSAN,2014,0,6.001909804969521,0.21,0,0,0,1,0
SARKUYSAN,2015,0,6.232251533594787,0.21,0,0,0,1,0
SARKUYSAN,2016,0,6.477895014039251,0.21,0,1,0,1,0
SARKUYSAN,2017,0,6.706617807930542,0.21,0,1,0,1,0
SARKUYSAN,2018,0,6.937993462042747,0.21,0,1,0,1,0
SARKUYSAN,2019,0,7.154380954443551,0.21,0,1,0,1,0
SARKUYSAN,2020,0,7.335242771124794,0.21,0,1,0,1,0
SARKUYSAN,2021,0,7.49041772636681,0.21,0,1,0,1,0
SARKUYSAN,2022,1,7.593323814018532,0.21,0,1,0,1,0
SARKUYSAN,2023,1,7.68634594135955,0.21,0,1,0,1,0
SARKUYSAN,2024,0,7.812459141604372,0.21,0,1,0,1,0
VESTEL_ELEKTRONIK,2010,4,5.521460917862246,0.185,0,0,0,0,0
VESTEL_ELEKTRONIK,2011,1,5.521460917862246,0.185,0,0,0,0,0
VESTEL_ELEKTRONIK,2012,1,5.648974238161206,0.185,0,0,0,1,0
VESTEL_ELEKTRONIK,2013,0,5.800304041646823,0.185,0,0,0,1,0
VESTEL_ELEKTRONIK,2014,0,6.001909804969521,0.185,0,0,0,1,0
VESTEL_ELEKTRONIK,2015,0,6.232251533594787,0.185,0,0,0,1,0
VESTEL_ELEKTRONIK,2016,26,6.477895014039251,0.185,0,1,0,1,0
VESTEL_ELEKTRONIK,2017,908,6.706617807930542,0.185,0,1,0,1,0
VESTEL_ELEKTRONIK,2018,42,6.937993462042747,0.185,0,1,0,1,0
VESTEL_ELEKTRONIK,2019,47,7.154380954443551,0.185,0,1,0,1,0
VESTEL_ELEKTRONIK,2020,44,7.335242771124794,0.185,0,1,0,1,0
VESTEL_ELEKTRONIK,2021,29,7.49041772636681,0.185,0,1,0,1,0
VESTEL_ELEKTRONIK,2022,18,7.593323814018532,0.185,0,1,0,1,0
VESTEL_ELEKTRONIK,2023,10,7.68634594135955,0.185,0,1,0,1,0
VESTEL_ELEKTRONIK,2024,16,7.812459141604372,0.185,0,1,0,1,0
VESTEL_BEYAZ,2010,81,5.521460917862246,0.145,0,0,0,0,0
VESTEL_BEYAZ,2011,113,5.521460917862246,0.145,0,0,0,0,0
VESTEL_BEYAZ,2012,2,5.648974238161206,0.145,0,0,0,1,0
VESTEL_BEYAZ,2013,0,5.800304041646823,0.145,0,0,0,1,0
VESTEL_BEYAZ,2014,0,6.001909804969521,0.145,0,0,0,1,0
VESTEL_BEYAZ,2015,5,6.232251533594787,0.145,0,0,0,1,0
VESTEL_BEYAZ,2016,12,6.477895014039251,0.145,0,1,0,1,0
VESTEL_BEYAZ,2017,23,6.706617807930542,0.145,0,1,0,1,0
VESTEL_BEYAZ,2018,10,6.937993462042747,0.145,0,1,0,1,0
VESTEL_BEYAZ,2019,66,7.154380954443551,0.145,0,1,0,1,0
VESTEL_BEYAZ,2020,84,7.335242771124794,0.145,0,1,0,1,0
VESTEL_BEYAZ,2021,97,7.49041772636681,0.145,0,1,0,1,0
VESTEL_BEYAZ,2022,127,7.593323814018532,0.145,0,1,0,1,0
VESTEL_BEYAZ,2023,105,7.68634594135955,0.145,0,1,0,1,0
VESTEL_BEYAZ,2024,23,7.812459141604372,0.145,0,1,0,1,0
BSH_EV_ALETLERI,2010,59,5.521460917862246,0.13,0,0,0,0,0
BSH_EV_ALETLERI,2011,27,5.521460917862246,0.13,0,0,0,0,0
BSH_EV_ALETLERI,2012,5,5.648974238161206,0.13,0,0,0,1,0
BSH_EV_ALETLERI,2013,4,5.800304041646823,0.13,0,0,0,1,0
BSH_EV_ALETLERI,2014,8,6.001909804969521,0.13,0,0,0,1,0
BSH_EV_ALETLERI,2015,4,6.232251533594787,0.13,0,0,0,1,0
BSH_EV_ALETLERI,2016,30,6.477895014039251,0.13,0,1,0,1,0
BSH_EV_ALETLERI,2017,42,6.706617807930542,0.13,0,1,0,1,0
BSH_EV_ALETLERI,2018,6,6.937993462042747,0.13,0,1,0,1,0
BSH_EV_ALETLERI,2019,46,7.154380954443551,0.13,0,1,0,1,0
BSH_EV_ALETLERI,2020,42,7.335242771124794,0.13,0,1,0,1,0
BSH_EV_ALETLERI,2021,39,7.49041772636681,0.13,0,1,0,1,0
BSH_EV_ALETLERI,2022,60,7.593323814018532,0.13,0,1,0,1,0
BSH_EV_ALETLERI,2023,52,7.68634594135955,0.13,0,1,0,1,0
BSH_EV_ALETLERI,2024,19,7.812459141604372,0.13,0,1,0,1,0
ARCELIK,2010,33,5.521460917862246,0.1,0,0,0,0,0
ARCELIK,2011,31,5.521460917862246,0.1,0,0,0,0,0
ARCELIK,2012,20,5.648974238161206,0.1,0,0,0,1,0
ARCELIK,2013,21,5.800304041646823,0.1,0,0,0,1,0
ARCELIK,2014,46,6.001909804969521,0.1,0,0,0,1,0
ARCELIK,2015,51,6.232251533594787,0.1,0,0,0,1,0
ARCELIK,2016,214,6.477895014039251,0.1,0,1,0,1,0
ARCELIK,2017,278,6.706617807930542,0.1,0,1,0,1,0
ARCELIK,2018,98,6.937993462042747,0.1,0,1,0,1,0
ARCELIK,2019,85,7.154380954443551,0.1,0,1,0,1,0
ARCELIK,2020,102,7.335242771124794,0.1,0,1,0,1,0
ARCELIK,2021,87,7.49041772636681,0.1,0,1,0,1,0
ARCELIK,2022,169,7.593323814018532,0.1,0,1,0,1,0
ARCELIK,2023,139,7.68634594135955,0.1,0,1,0,1,0
ARCELIK,2024,30,7.812459141604372,0.1,0,1,0,1,0
ECZACIBASI,2010,3,5.521460917862246,0.095,0,0,0,0,0
ECZACIBASI,2011,1,5.521460917862246,0.095,0,0,0,0,0
ECZACIBASI,2012,0,5.648974238161206,0.095,0,0,0,1,0
ECZACIBASI,2013,0,5.800304041646823,0.095,0,0,0,1,0
ECZACIBASI,2014,0,6.001909804969521,0.095,0,0,0,1,0
ECZACIBASI,2015,11,6.232251533594787,0.095,0,0,0,1,0
ECZACIBASI,2016,60,6.477895014039251,0.095,0,1,0,1,0
ECZACIBASI,2017,55,6.706617807930542,0.095,0,1,0,1,0
ECZACIBASI,2018,45,6.937993462042747,0.095,0,1,0,1,0
ECZACIBASI,2019,52,7.154380954443551,0.095,0,1,0,1,0
ECZACIBASI,2020,63,7.335242771124794,0.095,0,1,0,1,0
ECZACIBASI,2021,57,7.49041772636681,0.095,0,1,0,1,0
ECZACIBASI,2022,68,7.593323814018532,0.095,0,1,0,1,0
ECZACIBASI,2023,59,7.68634594135955,0.095,0,1,0,1,0
ECZACIBASI,2024,25,7.812459141604372,0.095,0,1,0,1,0
VITRA,2010,0,5.521460917862246,0.085,0,0,0,0,0
VITRA,2011,8,5.521460917862246,0.085,0,0,0,0,0
VITRA,2012,1,5.648974238161206,0.085,0,0,0,1,0
VITRA,2013,0,5.800304041646823,0.085,0,0,0,1,0
VITRA,2014,0,6.001909804969521,0.085,0,0,0,1,0
VITRA,2015,0,6.232251533594787,0.085,0,0,0,1,0
VITRA,2016,0,6.477895014039251,0.085,0,1,0,1,0
VITRA,2017,0,6.706617807930542,0.085,0,1,0,1,0
VITRA,2018,0,6.937993462042747,0.085,0,1,0,1,0
VITRA,2019,0,7.154380954443551,0.085,0,1,0,1,0
VITRA,2020,0,7.335242771124794,0.085,0,1,0,1,0
VITRA,2021,0,7.49041772636681,0.085,0,1,0,1,0
VITRA,2022,0,7.593323814018532,0.085,0,1,0,1,0
VITRA,2023,1,7.68634594135955,0.085,0,1,0,1,0
VITRA,2024,0,7.812459141604372,0.085,0,1,0,1,0
KALE_SERAMIK,2010,0,5.521460917862246,0.08,0,0,0,0,0
KALE_SERAMIK,2011,0,5.521460917862246,0.08,0,0,0,0,0
KALE_SERAMIK,2012,1,5.648974238161206,0.08,0,0,0,1,0
KALE_SERAMIK,2013,0,5.800304041646823,0.08,0,0,0,1,0
KALE_SERAMIK,2014,0,6.001909804969521,0.08,0,0,0,1,0
KALE_SERAMIK,2015,0,6.232251533594787,0.08,0,0,0,1,0
KALE_SERAMIK,2016,0,6.477895014039251,0.08,0,1,0,1,0
KALE_SERAMIK,2017,0,6.706617807930542,0.08,0,1,0,1,0
KALE_SERAMIK,2018,1,6.937993462042747,0.08,0,1,0,1,0
KALE_SERAMIK,2019,1,7.154380954443551,0.08,0,1,0,1,0
KALE_SERAMIK,2020,1,7.335242771124794,0.08,0,1,0,1,0
KALE_SERAMIK,2021,2,7.49041772636681,0.08,0,1,0,1,0
KALE_SERAMIK,2022,0,7.593323814018532,0.08,0,1,0,1,0
KALE_SERAMIK,2023,1,7.68634594135955,0.08,0,1,0,1,0
KALE_SERAMIK,2024,0,7.812459141604372,0.08,0,1,0,1,0
